{
  "files_loaded": 30,
  "n_nodes": 3483,
  "n_edges": 61615,
  "avg_in": 17.690209589434396,
  "avg_out": 17.690209589434396,
  "density": 0.005080473747683629,
  "read_time_s": 0.08507871627807617,
  "topk_jaccard_in_pr": 0.3157894736842105,
  "spearman_in_pr_rho": 0.8456140455972502,
  "spearman_in_pr_pval": 0.0,
  "top_in_degree": [
    "40981798",
    "43003845",
    "34428380",
    "22462180",
    "7861312",
    "19784831",
    "48485771",
    "15666380",
    "19923638",
    "19546942",
    "1879831",
    "5442012",
    "3359851",
    "14575107",
    "18996905",
    "15933910",
    "14791162",
    "115485051",
    "31331740",
    "16038438",
    "27633075",
    "21401466",
    "83943787",
    "17868918",
    "19725644"
  ],
  "top_pagerank": [
    "40981798",
    "43003845",
    "115485051",
    "783214",
    "34428380",
    "22462180",
    "7861312",
    "15666380",
    "17874544",
    "11348282",
    "14326533",
    "6253282",
    "14464369",
    "14303746",
    "15901190",
    "3359851",
    "27633075",
    "18393773",
    "31331740",
    "18713254",
    "133055665",
    "15439395",
    "8088112",
    "17868918",
    "48485771"
  ],
  "top_betweenness": [
    "15666380",
    "3359851",
    "41716273",
    "14685759",
    "4620451",
    "48485771",
    "17093617",
    "9431932",
    "11348282",
    "5442012",
    "8295072",
    "3829151",
    "14803701",
    "783214",
    "17874544",
    "28420827",
    "15858135",
    "15134782",
    "20273398",
    "10350",
    "98942778",
    "31119337",
    "63485337",
    "7861312",
    "17681513"
  ]
}